text,category

"Besoin d'un développeur web ",Développement Web
"Recherche d'experts en référencement pour améliorer le classement Google",Marketing Digital
"Besoin de renforcer la sécurité du réseau de notre entreprise",Réseaux et Sécurité
"Création d'une campagne publicitaire sur les réseaux sociaux",Marketing Digital
"Développement d'une application mobile pour iOS et Android",Développement Web
"Gestion des pare-feu et des stratégies de sécurité",Réseaux et Sécurité
"Optimisation du contenu pour les moteurs de recherche",Marketing Digital
"Conception et développement d'un site e-commerce",Développement Web
"Sécurisation des données sensibles de l'entreprise",Réseaux et Sécurité
"Campagne d'email marketing pour promouvoir nos services",Marketing Digital
"Développement d'une application web avec React.js",Développement Web
"Configuration de serveurs VPN pour sécuriser les communications",Réseaux et Sécurité
"Analyse des performances SEO du site web et recommandations d'amélioration",Marketing Digital
"offre développeur web ",Développement Web
"Intégration de solutions de paiement sécurisé sur un site e-commerce",Développement Web
"Gestion des comptes et des permissions sur le réseau interne de l'entreprise",Réseaux et Sécurité
"dév web",Développement Web
"Création de contenu visuel pour les réseaux sociaux",Marketing Digital
"développeur web",Développement Web
"Optimisation des performances et de la vitesse d'un site web",Développement Web
"Formation du personnel sur les bonnes pratiques de sécurité informatique",Réseaux et Sécurité
"Campagne publicitaire sur Google Ads pour augmenter le trafic vers le site",Marketing Digital
"Développement d'une application mobile sécurisée pour le suivi des livraisons",Développement Web
"Analyse des vulnérabilités du réseau et mise en place de correctifs",Réseaux et Sécurité
"Refonte graphique et ergonomique d'un site web existant",Développement Web
"Installation et configuration de serveurs web Apache",Réseaux et Sécurité
"Création d'un plan de contenu pour une stratégie de marketing de contenu",Marketing Digital
"Développement d'une application de gestion de projet en ligne",Développement Web
"Mise en place d'un système de surveillance des réseaux pour détecter les intrusions",Réseaux et Sécurité
"Optimisation des campagnes publicitaires Facebook pour un meilleur retour sur investissement",Marketing Digital
"Conception et développement d'une interface utilisateur conviviale",Développement Web
"Sécurisation des connexions VPN avec des certificats numériques",Réseaux et Sécurité
"Création de contenu vidéo pour les médias sociaux",Marketing Digital
"Migration d'un site web vers une nouvelle plateforme de gestion de contenu",Développement Web
"Configuration d'un serveur de messagerie sécurisé avec encryption",Réseaux et Sécurité
"Optimisation des descriptions de produits pour les pages de produits d'un site e-commerce",Marketing Digital
"Développement d'une application mobile de suivi de fitness",Développement Web
"Mise en place de règles de pare-feu pour filtrer le trafic réseau non autorisé",Réseaux et Sécurité
"Création et automatisation de rapports d'analyse des performances publicitaires",Marketing Digital
"Développement d'une plateforme de réservation en ligne pour les hôtels",Développement Web
"Implémentation de protocoles de sécurité SSL/TLS pour le chiffrement des données",Réseaux et Sécurité
"Stratégie de contenu pour attirer du trafic organique vers le site web",Marketing Digital
"Développement d'un système de gestion de contenu personnalisé",Développement Web
"Configuration de VLAN pour isoler différents types de trafic réseau",Réseaux et Sécurité
"Campagne publicitaire sur LinkedIn pour cibler les professionnels de l'industrie",Marketing Digital
"Développement d'une application de chat en temps réel pour les sites web",Développement Web
"Sécurisation des connexions Wi-Fi avec des méthodes d'authentification avancées",Réseaux et Sécurité
"Création de contenu interactif pour les médias sociaux",Marketing Digital
"Développement d'un système de réservation en ligne pour les restaurants",Développement Web
"Configuration de pare-feu d'application Web pour protéger les applications en ligne",Réseaux et Sécurité
"Optimisation de la structure des URL pour une meilleure indexation par les moteurs de recherche",Marketing Digital
"Conception et développement d'un blog d'entreprise avec WordPress",Développement Web
"Installation et configuration de systèmes de détection des intrusions sur le réseau",Réseaux et Sécurité
"Développement d'une application de suivi des dépenses personnelles",Développement Web
"Sécurisation des communications VoIP avec des protocoles de chiffrement",Réseaux et Sécurité
"Création de contenu écrit optimisé pour le référencement naturel",Marketing Digital
"Développement d'une plateforme d'e-commerce avec fonctionnalités de paiement en ligne",Développement Web
"Configuration de la sécurité des points d'accès sans fil pour protéger le réseau contre les attaques",Réseaux et Sécurité
"Campagne de publicité sur Pinterest pour toucher un public axé sur l'inspiration et le style de vie",Marketing Digital
"Création d'un design d'interface utilisateur convivial pour une application de réservation de voyages",Développement Web
"Surveillance en temps réel de l'activité réseau pour détecter les comportements anormaux",Réseaux et Sécurité
"Optimisation de la conversion des pages de destination pour augmenter les ventes en ligne",Marketing Digital
"Développement d'une application de gestion des tâches pour les équipes distribuées",Développement Web
"Configuration de la sécurité des applications mobiles pour prévenir les attaques de logiciels malveillants",Réseaux et Sécurité
"Campagne de marketing d'influence pour promouvoir les produits auprès des influenceurs",Marketing Digital
"Création d'un tableau de bord analytique pour suivre les performances des campagnes marketing",Développement Web
"Sécurisation des connexions par e-mail avec des protocoles de chiffrement avancés",Réseaux et Sécurité
"Gestion de la réputation en ligne pour améliorer la perception de la marque",Marketing Digital
"Développement d'une application de gestion de rendez-vous en ligne pour les professionnels de la santé",Développement Web
"Configuration de la détection d'intrusion basée sur l'apprentissage automatique pour une meilleure précision",Réseaux et Sécurité
"Campagne publicitaire sur Twitter pour générer des leads qualifiés",Marketing Digital
"Création d'un site web responsive design pour une expérience utilisateur optimale sur tous les appareils",Développement Web
"Analyse des menaces pour identifier les vulnérabilités potentielles dans le réseau",Réseaux et Sécurité
"Stratégie de marketing de contenu pour établir l'expertise de l'entreprise dans son domaine",Marketing Digital
"Développement d'une application de gestion de projet agile avec des fonctionnalités de suivi du temps",Développement Web
"Configuration de la sécurité des serveurs de messagerie pour filtrer le spam et les logiciels malveillants",Réseaux et Sécurité
"Campagne de publicité native pour une intégration fluide dans le contenu éditorial",Marketing Digital
"Création d'un système de gestion des ressources humaines en ligne",Développement Web
"Sécurisation des données sensibles de l'entreprise lors de leur transmission sur le réseau",Réseaux et Sécurité
"Optimisation des campagnes publicitaires sur les moteurs de recherche pour un meilleur ROI",Marketing Digital
"Développement d'une application mobile de suivi des performances sportives",Développement Web
"Mise en place de règles de pare-feu pour limiter l'accès aux ressources réseau sensibles",Réseaux et Sécurité
"Analyse des données d'utilisation du site web pour optimiser l'expérience utilisateur",Marketing Digital
"Conception et développement d'une application de gestion de contenu pour un magazine en ligne",Développement Web
"Configuration de la sécurité des réseaux sans fil pour prévenir les accès non autorisés",Réseaux et Sécurité
"Campagne publicitaire sur Snapchat pour toucher un public jeune et dynamique",Marketing Digital
"Développement d'une application de gestion des finances personnelles avec des fonctionnalités de budgétisation",Développement Web
"Surveillance du trafic réseau pour détecter les comportements suspects et les attaques",Réseaux et Sécurité
"Optimisation des annonces payantes sur les réseaux sociaux pour maximiser les conversions",Marketing Digital
"Développement d'une plateforme d'apprentissage en ligne avec des fonctionnalités de suivi des progrès",Développement Web
"Configuration de la sécurité des applications web pour protéger contre les attaques par injection SQL",Réseaux et Sécurité
"Campagne de marketing par e-mail pour promouvoir une offre spéciale auprès des abonnés",Marketing Digital
"Création d'une expérience de commerce électronique transparente pour les utilisateurs sur tous les appareils",Développement Web
"Surveillance proactive des menaces pour identifier et atténuer les risques de sécurité",Réseaux et Sécurité
"Optimisation du contenu pour les assistants vocaux et les recherches vocales",Marketing Digital
"Développement d'une application de suivi des dépenses de voyage pour les professionnels en déplacement",Développement Web
"Configuration de la sécurité des serveurs de base de données pour protéger les données sensibles",Réseaux et Sécurité
"Campagne de marketing d'affiliation pour élargir la portée et générer des ventes",Marketing Digital
"Création d'une application mobile pour les utilisateurs iOS et Android avec une interface utilisateur intuitive",Développement Web
"Analyse des journaux de sécurité pour identifier les comportements anormaux et les intrusions potentielles",Réseaux et Sécurité
"Stratégie de marketing par e-mail pour fidéliser les clients et encourager les achats répétés",Marketing Digital
"Développement d'une plateforme d'apprentissage en ligne avec des fonctionnalités de discussion en groupe",Développement Web
"Configuration de la sécurité des réseaux d'entreprise pour protéger les données critiques",Réseaux et Sécurité
"Campagne publicitaire sur TikTok pour toucher un public jeune et engagé",Marketing Digital
"Création d'un design d'interface utilisateur moderne pour une application de réservation de restaurants",Développement Web
"Surveillance du trafic réseau pour détecter les tentatives d'exploitation de vulnérabilités",Réseaux et Sécurité
"Optimisation des campagnes publicitaires Google Shopping pour une meilleure visibilité des produits",Marketing Digital
"Développement d'une application de gestion des tâches avec des fonctionnalités de suivi du temps",Développement Web
"Configuration de la sécurité des applications mobiles pour prévenir les attaques de phishing",Réseaux et Sécurité
"Campagne de marketing vidéo sur YouTube pour présenter les produits de manière engageante",Marketing Digital
"Création d'une application de réservation de rendez-vous en ligne pour les professionnels de la santé",Développement Web
"Surveillance en temps réel des systèmes informatiques pour détecter les anomalies de performance",Réseaux et Sécurité
"Optimisation des annonces payantes sur les réseaux sociaux pour atteindre un public pertinent",Marketing Digital
"Développement d'une plateforme de commerce électronique avec des fonctionnalités de recommandation de produits",Développement Web
"Configuration de la sécurité des réseaux d'entreprise pour protéger contre les attaques de phishing",Réseaux et Sécurité
"Campagne de marketing par contenu pour éduquer les clients potentiels sur les avantages des produits",Marketing Digital
"Création d'une application mobile de gestion de projet avec des fonctionnalités de collaboration en équipe",Développement Web
"Surveillance des événements de sécurité pour détecter les incidents de sécurité et y répondre rapidement",Réseaux et Sécurité
"Optimisation des annonces Google Display pour cibler les utilisateurs en fonction de leur comportement en ligne",Marketing Digital
"Développement d'une application de suivi des dépenses personnelles avec des graphiques interactifs",Développement Web
"Configuration de la sécurité des points d'accès Wi-Fi publics pour protéger les utilisateurs contre les attaques",Réseaux et Sécurité
"Campagne publicitaire sur Instagram pour promouvoir un événement spécial",Marketing Digital
"Création d'une interface utilisateur personnalisée pour une application mobile de réservation de voyages",Développement Web
"Surveillance du trafic réseau pour détecter les tentatives d'accès non autorisées aux ressources sensibles",Réseaux et Sécurité
"Optimisation des campagnes publicitaires sur les réseaux sociaux pour atteindre un retour sur investissement élevé",Marketing Digital
"Développement d'une plateforme d'apprentissage en ligne avec des fonctionnalités de discussion en temps réel",Développement Web
"Configuration de la sécurité des applications web pour protéger contre les attaques par injection de code",Réseaux et Sécurité
"Campagne de marketing par e-mail pour inciter les abonnés à participer à un événement exclusif",Marketing Digital
"Création d'une application de réservation de billets de concert en ligne avec des fonctionnalités de paiement sécurisé",Développement Web
"Surveillance des points d'accès sans fil pour détecter les tentatives d'accès non autorisées",Réseaux et Sécurité
"Optimisation des campagnes publicitaires Google Ads pour maximiser la conversion des prospects en clients",Marketing Digital
"Développement d'une plateforme de e-learning avec des fonctionnalités d'évaluation et de suivi des progrès",Développement Web
"Configuration de la sécurité des réseaux pour protéger contre les attaques par force brute",Réseaux et Sécurité
"Campagne publicitaire sur Facebook pour promouvoir un nouveau produit",Marketing Digital
"Création d'une interface utilisateur intuitive pour une application mobile de gestion des finances personnelles",Développement Web
"Surveillance de la sécurité des applications web pour détecter les failles de sécurité",Réseaux et Sécurité
"Optimisation des campagnes publicitaires sur les réseaux sociaux pour augmenter la notoriété de la marque",Marketing Digital
"Développement d'une plateforme de réservation en ligne avec des fonctionnalités de recommandation personnalisée",Développement Web
"Configuration de la sécurité des serveurs de messagerie pour protéger contre les attaques de phishing",Réseaux et Sécurité
"Campagne de marketing par contenu pour fournir des informations utiles aux clients potentiels",Marketing Digital
"Création d'une application mobile de suivi des objectifs de remise en forme avec des rappels personnalisés",Développement Web
"Surveillance de la sécurité des réseaux pour détecter les activités suspectes et les tentatives d'intrusion",Réseaux et Sécurité
"Optimisation des annonces Google Search pour cibler les mots clés les plus pertinents",Marketing Digital
"Développement d'une plateforme de commerce électronique avec des fonctionnalités de chat en direct",Développement Web
"Configuration de la sécurité des serveurs web pour protéger contre les attaques par déni de service",Réseaux et Sécurité
"Campagne de marketing par e-mail pour informer les abonnés des offres promotionnelles spéciales",Marketing Digital
"Création d'une interface utilisateur conviviale pour une application mobile de gestion des tâches",Développement Web
"Surveillance de la sécurité des données pour détecter les fuites d'informations sensibles",Réseaux et Sécurité
"Optimisation des campagnes publicitaires sur les réseaux sociaux pour atteindre les segments de marché les plus rentables",Marketing Digital
"Développement d'une plateforme de gestion des tâches avec des fonctionnalités de suivi du temps et de gestion des ressources",Développement Web
"Configuration de la sécurité des serveurs de fichiers pour protéger les données contre les accès non autorisés",Réseaux et Sécurité
"Campagne publicitaire sur Twitter pour promouvoir un événement de lancement de produit",Marketing Digital
"Création d'une application mobile de planification d'événements avec des fonctionnalités de géolocalisation",Développement Web
"Surveillance de la sécurité des réseaux pour identifier et bloquer les menaces potentielles",Réseaux et Sécurité
"Optimisation des campagnes publicitaires Google Ads pour augmenter les taux de conversion",Marketing Digital
"Développement d'une plateforme de commerce électronique avec des fonctionnalités de recommandation de produits personnalisés",Développement Web
"Configuration de la sécurité des applications web pour protéger contre les attaques de scripts intersites",Réseaux et Sécurité
"Campagne de marketing par contenu pour partager des études de cas et des témoignages clients",Marketing Digital
"Création d'une interface utilisateur conviviale pour une application mobile de planification de voyage",Développement Web
"Surveillance de la sécurité des réseaux pour détecter et prévenir les menaces de sécurité",Réseaux et Sécurité
"Optimisation des campagnes publicitaires sur les réseaux sociaux pour augmenter la notoriété de la marque",Marketing Digital
"Développement d'une plateforme de gestion de projet en ligne avec des fonctionnalités de suivi des tâches",Développement Web
"Configuration de la sécurité des serveurs de messagerie pour protéger contre les attaques de phishing",Réseaux et Sécurité
"Campagne de marketing par e-mail pour promouvoir une nouvelle offre de produit",Marketing Digital
"Création d'une application mobile de gestion de compte bancaire avec des fonctionnalités de suivi des dépenses",Développement Web
"Surveillance de la sécurité des données pour détecter les activités suspectes et les violations de données",Réseaux et Sécurité
"Optimisation des campagnes publicitaires sur les réseaux sociaux pour atteindre les objectifs de conversion",Marketing Digital
"Développement d'une plateforme de commerce électronique avec des fonctionnalités de paiement sécurisé",Développement Web
"Configuration de la sécurité des serveurs web pour protéger contre les attaques par injection SQL",Réseaux et Sécurité
"Campagne publicitaire sur Facebook pour promouvoir une promotion spéciale",Marketing Digital
"Création d'une interface utilisateur intuitive pour une application mobile de gestion des finances personnelles",Développement Web
"Surveillance de la sécurité des réseaux pour détecter les menaces de sécurité et y répondre rapidement",Réseaux et Sécurité
"Optimisation des campagnes publicitaires Google Ads pour maximiser le retour sur investissement",Marketing Digital
"Développement d'une plateforme de commerce électronique avec des fonctionnalités de recommandation de produits basées sur l'IA",Développement Web
"Configuration de la sécurité des applications web pour protéger contre les attaques par force brute",Réseaux et Sécurité
"Campagne de marketing par e-mail pour fidéliser les clients et encourager les achats répétés",Marketing Digital
"Création d'une application mobile de suivi des objectifs de fitness avec des fonctionnalités de coaching en temps réel",Développement Web
"Surveillance de la sécurité des données pour détecter les violations de la vie privée et les fuites d'informations sensibles",Réseaux et Sécurité
"Optimisation des campagnes publicitaires sur les réseaux sociaux pour atteindre un public pertinent",Marketing Digital
"Développement d'une plateforme de commerce électronique avec des fonctionnalités de chat en direct avec les clients",Développement Web
"Configuration de la sécurité des serveurs de messagerie pour protéger contre les attaques de phishing et de spam",Réseaux et Sécurité
"Campagne de marketing par contenu pour éduquer les clients sur l'utilisation des produits et services",Marketing Digital
"Création d'une interface utilisateur conviviale pour une application mobile de réservation de restaurant",Développement Web
"Surveillance de la sécurité des réseaux pour détecter les menaces potentielles et y répondre de manière proactive",Réseaux et Sécurité
"Optimisation des campagnes publicitaires Google Ads pour augmenter les taux de conversion des annonces",Marketing Digital
"Développement d'une plateforme de commerce électronique avec des fonctionnalités de recommandation de produits en temps réel",Développement Web
"Configuration de la sécurité des applications web pour protéger contre les attaques par injection de code",Réseaux et Sécurité
"Campagne de marketing par e-mail pour inciter les clients à laisser des avis et des commentaires sur les produits",Marketing Digital
"Création d'une application mobile de suivi des dépenses personnelles avec des fonctionnalités de catégorisation automatique",Développement Web
"Surveillance de la sécurité des données pour détecter et prévenir les violations de données potentielles",Réseaux et Sécurité
"Optimisation des campagnes publicitaires sur les réseaux sociaux pour atteindre les objectifs de vente",Marketing Digital
"Développement d'une plateforme de commerce électronique avec des fonctionnalités de paiement mobile intégré",Développement Web
"Configuration de la sécurité des serveurs web pour protéger contre les attaques par déni de service distribué",Réseaux et Sécurité
"Campagne publicitaire sur Twitter pour promouvoir une nouvelle fonctionnalité de produit",Marketing Digital
"Création d'une interface utilisateur conviviale pour une application mobile de gestion de tâches",Développement Web
"Surveillance de la sécurité des réseaux pour détecter les tentatives d'accès non autorisées aux ressources réseau",Réseaux et Sécurité
"Optimisation des campagnes publicitaires Google Ads pour maximiser les taux de clics",Marketing Digital
"Développement d'une plateforme de commerce électronique avec des fonctionnalités de paiement en plusieurs devises",Développement Web
"Configuration de la sécurité des serveurs de base de données pour protéger contre les attaques par injection SQL",Réseaux et Sécurité
"Campagne de marketing par e-mail pour annoncer un événement spécial et inciter à l'inscription",Marketing Digital
"Création d'une application mobile de gestion de compte bancaire avec des fonctionnalités de dépôt de chèques mobiles",Développement Web
"Surveillance de la sécurité des données pour détecter les comportements suspects et les activités malveillantes",Réseaux et Sécurité
"Optimisation des campagnes publicitaires sur les réseaux sociaux pour atteindre les segments de marché les plus rentables",Marketing Digital
"Développement d'une plateforme de commerce électronique avec des fonctionnalités de personnalisation de l'expérience utilisateur",Développement Web
"Configuration de la sécurité des serveurs web pour protéger contre les attaques par injection de code malveillant",Réseaux et Sécurité
"Campagne publicitaire sur Facebook pour promouvoir une vente flash exclusive aux abonnés",Marketing Digital
"Création d'une interface utilisateur intuitive pour une application mobile de gestion des finances personnelles",Développement Web
"Surveillance de la sécurité des réseaux pour détecter et répondre aux incidents de sécurité en temps réel",Réseaux et Sécurité
"Optimisation des campagnes publicitaires Google Ads pour augmenter les ventes en ligne",Marketing Digital
"Développement d'une plateforme de commerce électronique avec des fonctionnalités de paiement sécurisé par empreinte digitale",Développement Web
"Configuration de la sécurité des serveurs de messagerie pour protéger contre les attaques de phishing et de spam",Réseaux et Sécurité
"Campagne de marketing par e-mail pour fidéliser les clients et encourager les achats répétés",Marketing Digital
"Création d'une application mobile de suivi des objectifs de fitness avec des fonctionnalités de coaching personnalisé",Développement Web
"Surveillance de la sécurité des données pour détecter les comportements suspects et les violations de données",Réseaux et Sécurité
"Optimisation des campagnes publicitaires sur les réseaux sociaux pour atteindre un retour sur investissement élevé",Marketing Digital
"Développement d'une plateforme de commerce électronique avec des fonctionnalités de recommandation de produits basées sur l'IA",Développement Web
"Configuration de la sécurité des applications web pour protéger contre les attaques par force brute",Réseaux et Sécurité
"Campagne de marketing par e-mail pour inciter les abonnés à participer à un événement exclusif",Marketing Digital
"Création d'une application mobile de gestion de compte bancaire avec des fonctionnalités de suivi des dépenses",Développement Web
"Surveillance de la sécurité des données pour détecter les activités suspectes et les violations de données",Réseaux et Sécurité
"Optimisation des campagnes publicitaires sur les réseaux sociaux pour atteindre les objectifs de conversion",Marketing Digital
"Développement d'une plateforme de commerce électronique avec des fonctionnalités de recommandation de produits en temps réel",Développement Web
"Configuration de la sécurité des applications web pour protéger contre les attaques par injection de code",Réseaux et Sécurité
"Campagne de marketing par e-mail pour fidéliser les clients et encourager les achats répétés",Marketing Digital
"Création d'une application mobile de suivi des objectifs de fitness avec des fonctionnalités de coaching en temps réel",Développement Web
"Surveillance de la sécurité des données pour détecter les violations de la vie privée et les fuites d'informations sensibles",Réseaux et Sécurité
"Optimisation des campagnes publicitaires sur les réseaux sociaux pour atteindre un public pertinent",Marketing Digital
"Développement d'une plateforme de commerce électronique avec des fonctionnalités de chat en direct avec les clients",Développement Web
"Configuration de la sécurité des serveurs de messagerie pour protéger contre les attaques de phishing et de spam",Réseaux et Sécurité
"Campagne de marketing par contenu pour éduquer les clients sur l'utilisation des produits et services",Marketing Digital
"Création d'une interface utilisateur conviviale pour une application mobile de réservation de restaurant",Développement Web
"Surveillance de la sécurité des réseaux pour détecter les tentatives d'accès non autorisées aux ressources réseau",Réseaux et Sécurité
"Optimisation des campagnes publicitaires Google Ads pour maximiser les taux de conversion des annonces",Marketing Digital
"Développement d'une plateforme de commerce électronique avec des fonctionnalités de paiement en plusieurs devises",Développement Web
"Configuration de la sécurité des serveurs web pour protéger contre les attaques par injection SQL",Réseaux et Sécurité
"Campagne publicitaire sur Facebook pour promouvoir une promotion spéciale",Marketing Digital
"Création d'une interface utilisateur intuitive pour une application mobile de gestion des finances personnelles",Développement Web
"Surveillance de la sécurité des réseaux pour détecter les menaces de sécurité et y répondre rapidement",Réseaux et Sécurité
"Optimisation des campagnes publicitaires Google Ads pour augmenter les taux de conversion",Marketing Digital
"Développement d'une plateforme de commerce électronique avec des fonctionnalités de recommandation de produits personnalisés",Développement Web
"Configuration de la sécurité des applications web pour protéger contre les attaques par injection de code",Réseaux et Sécurité
"Campagne de marketing par e-mail pour inciter les clients à laisser des avis et des commentaires sur les produits",Marketing Digital
"Création d'une application mobile de gestion de compte bancaire avec des fonctionnalités de dépôt de chèques mobiles",Développement Web
"Surveillance de la sécurité des données pour détecter les violations de la vie privée et les fuites d'informations sensibles",Réseaux et Sécurité
"Optimisation des campagnes publicitaires sur les réseaux sociaux pour atteindre les segments de marché les plus rentables",Marketing Digital
"Développement d'une plateforme de commerce électronique avec des fonctionnalités de personnalisation de l'expérience utilisateur",Développement Web
"Configuration de la sécurité des serveurs web pour protéger contre les attaques par injection de code malveillant",Réseaux et Sécurité
"Campagne publicitaire sur Facebook pour promouvoir une vente flash exclusive aux abonnés",Marketing Digital
"Création d'une interface utilisateur conviviale pour une application mobile de gestion de tâches",Développement Web
"Surveillance de la sécurité des réseaux pour détecter les tentatives d'accès non autorisées aux ressources réseau",Réseaux et Sécurité
"Optimisation des campagnes publicitaires Google Ads pour maximiser les taux de clics",Marketing Digital
"Développement d'une plateforme de commerce électronique avec des fonctionnalités de paiement mobile intégré",Développement Web
"Configuration de la sécurité des serveurs de base de données pour protéger contre les attaques par injection SQL",Réseaux et Sécurité
"Campagne de marketing par e-mail pour annoncer un événement spécial et inciter à l'inscription",Marketing Digital
"Création d'une application mobile de gestion de compte bancaire avec des fonctionnalités de suivi des dépenses",Développement Web
"Surveillance de la sécurité des données pour détecter les activités suspectes et les violations de données",Réseaux et Sécurité
"Optimisation des campagnes publicitaires sur les réseaux sociaux pour atteindre les objectifs de conversion",Marketing Digital
"Développement d'une plateforme de commerce électronique avec des fonctionnalités de recommandation de produits en temps réel",Développement Web
"Configuration de la sécurité des applications web pour protéger contre les attaques par injection de code",Réseaux et Sécurité
"Campagne de marketing par e-mail pour fidéliser les clients et encourager les achats répétés",Marketing Digital
"Création d'une application mobile de suivi des objectifs de fitness avec des fonctionnalités de coaching personnalisé",Développement Web
"Surveillance de la sécurité des données pour détecter les violations de la vie privée et les fuites d'informations sensibles",Réseaux et Sécurité
"Optimisation des campagnes publicitaires sur les réseaux sociaux pour atteindre un public pertinent",Marketing Digital
"Développement d'une plateforme de commerce électronique avec des fonctionnalités de chat en direct avec les clients",Développement Web
"Configuration de la sécurité des serveurs de messagerie pour protéger contre les attaques de phishing et de spam",Réseaux et Sécurité
"Campagne de marketing par contenu pour éduquer les clients sur l'utilisation des produits et services",Marketing Digital
"Création d'une interface utilisateur conviviale pour une application mobile de réservation de restaurant",Développement Web
"Surveillance de la sécurité des réseaux pour détecter les tentatives d'accès non autorisées aux ressources réseau",Réseaux et Sécurité
"Optimisation des campagnes publicitaires Google Ads pour maximiser les taux de conversion des annonces",Marketing Digital
"Développement d'une plateforme de commerce électronique avec des fonctionnalités de paiement en plusieurs devises",Développement Web
"Configuration de la sécurité des serveurs web pour protéger contre les attaques par injection SQL",Réseaux et Sécurité
"Campagne publicitaire sur Facebook pour promouvoir une promotion spéciale",Marketing Digital
"Configuration de la sécurité des serveurs web pour protéger contre les attaques par injection SQL",Réseaux et Sécurité

j'ai besoin d'un expert en reseaux,65f8d8ea62c67400e0ccc8af
